gisjoin1890	year	statename	statenum	countyname	countynum	tpop	ln_totinc_pc1970	unionstates	gini_farmsize	banks50c	banks25c	capitalstock1902	banks50c1902	banks25c1902	tval_pc	capitalstock50pc	capitalstock_pc	ln_tval_pc	ln_manuf_val_pc	ln_farmprod_val_pc	ln_livestock_val_pc	ln_farm_mach_val_pc	ln_area_imp_farm_pc	ln_area_imp_farm	ln_manuf_estb	ln_numfarms	ln_meanfarmsize	ln_liabilities	ln_capitalstock	ln_loans	ln_liabilities_pc	ln_capitalstock_pc	ln_loans_pc	ln_tpop	banks_pc	farm_yield	insample_unionrural	insample_allrural	Mexcess_capital_pc	Mopt_capital_pc
2800010.0	1870	MISSISSIPPI	280	ADAMS	10	19084	768559	0	0.6588009595870972	0	0	0	0	0	107869156	0	0.0	4680919	23114536	45827208	36457179	18455509	20184877	11875093	42341065	70842266	48302865							9856606	0.0	12990692	0	1	-37500000	37500000
2800010.0	1880	MISSISSIPPI	280	ADAMS	10	22649	768559	0	0.7447383403778076	0	0	0	0	0	6167429	0	0.0	4121867	31039772	3673458	25856848	18167367	10972278	11125099	39512436	75760975	46377625							10027871	0.0	13147481	0	1	-56400000	56400000
2800010.0	1900	MISSISSIPPI	280	ADAMS	10	30111	768559	0	0.6013519763946533	0	0	100	0	0	8642014	0	0.0	4459221	37821398	37497451	2736226	13215234	0.8958718	11208518	43820267	78567066	4084485							10312646	0.0	17354874	0	1	-55700000	55700000
2800030.0	1870	MISSISSIPPI	280	ALCORN	30	10431	76675606	0	0.6422463655471802	0	0	0	0	0	7477845	0	0.0	431453	254848	4126986	36430132	17010722	13760804	10628618	34339871	7106606	39651985							9252538	0.0	15656804	0	1	-46300000	46300000
2800030.0	1880	MISSISSIPPI	280	ALCORN	30	14272	76675606	0	0.4805336892604828	0	0	0	0	0	5425154	0	0.0	39936314	24623315	37499607	28693898	10352688	130377	10869824	41743875	7325149	5112103							9566055	0.0	11544287	0	1	-42900000	42900000
2800030.0	1890	MISSISSIPPI	280	ALCORN	30	13115	76675606	0	0.47400835156440735	0	0	0	0	0	51091957	0	0.0	39336271	32687466	32113907	31450129	10915983	15121692	10993681	33672957	7387709	5070419							9481512	0.0	54696875	0	1	-51100000	51100000
2800030.0	1900	MISSISSIPPI	280	ALCORN	30	14987	76675606	0	0.4736272096633911	0	0	0	0	0	10347261	0	0.0	4639307	40708003	38037417	32766623	17440197	15583518	1117329	4189655	7572503	467632							9614939	0.0	9444097	0	1	-66200000	66200000
2800050.0	1870	MISSISSIPPI	280	AMITE	50	10973	723203	0	0.7383281588554382	0	0	0	0	0	111560196	0	0.0	47145643	0.5777933	4698461	38698368	10456213	20098171	1131301	26390574	7270313	4392979							9303193	0.0	14711712	0	1	-26200000	26200000
2800050.0	1880	MISSISSIPPI	280	AMITE	50	14004	723203	0	0.5427782535552979	0	0	0	0	0	5480127	0	0.0	4003713	13999293	39268398	30782175	1436498	14893224	11036421	37841897	73901815	53953767							9547098	0.0	11444593	0	1	-40000000	40000000
2800050.0	1890	MISSISSIPPI	280	AMITE	50	18198	723203	0	0.5968713760375977	0	0	0	0	0	8253627	0	0.0	4413238	24002752	4269838	33764966	14828377	18888016	11697868	465396	79006367	5054987							9809067	0.0	10816108	0	1	-53200000	53200000
2800050.0	1900	MISSISSIPPI	280	AMITE	50	20708	723203	0	0.551639974117279	0	0	0	0	0	74897964	0	0.0	4316127	19514551	42174325	33326976	19796817	17805905	11718866	42341065	8095599	46610475							9938275	0.0	11436867	0	1	-51600000	51600000
2800070.0	1870	MISSISSIPPI	280	ATTALA	70	14776	73825603	0	0.6331747770309448	0	0	0	0	0	11004196	0	0.0	4700862	22552023	46102047	37819939	17995011	16239504	112247095	37612002	74866133	4168944							96007595	0.0	1981134	0	1	-33700000	33700000
2800070.0	1880	MISSISSIPPI	280	ATTALA	70	19988	73825603	0	0.4495438039302826	0	0	0	0	0	62008606	0	0.0	4127273	18847413	4015012	31569324	1516002	1537833	11440721	40073333	7720018	53256803							9902887	0.0	11907625	0	1	-41900000	41900000
2800070.0	1890	MISSISSIPPI	280	ATTALA	70	22213	73825603	0	0.43823447823524475	0	0	0	0	0	53275875	0	0.0	39754837	0.82932276	3931514	32965186	16862305	1737824	11746257	28332133	7932003	52103443							10008433	0.0	89682455	0	1	-60900000	60900000
2800070.0	1900	MISSISSIPPI	280	ATTALA	70	26248	73825603	0	0.501049816608429	0	0	0	0	0	63618484	0	0.0	4152904	19543864	40352826	32532184	17869667	17453163	11920661	44886365	8385033	45275197							10175345	0.0	9874605	0	1	-52900000	52900000
2800090.0	1880	MISSISSIPPI	280	BENTON	90	11023	72876234	0	0.5357398986816406	0	0	0	0	0	55508934	0	0.0	4016544	15506634	3927785	3302364	19426908	1616417	10924156	2944439	74342575	50220876							9307739	0.0	10088215	0	1	-55300000	55300000
2800090.0	1890	MISSISSIPPI	280	BENTON	90	10585	72876234	0	0.4841812252998352	0	0	0	0	0	617504	0	0.0	41231003	28189578	3806463	34217067	14804444	18518894	11119082	34339871	732185	51709085							9267193	0.0	7060908	0	1	-62900000	62900000
2800090.0	1900	MISSISSIPPI	280	BENTON	90	10510	72876234	0	0.5075792074203491	0	0	0	0	0	6492065	0	0.0	4173166	151208	41007323	34927466	17663847	18196572	1107974	33672957	75320883	4809804							9260082	0.0	9787197	0	1	-61600000	61600000
2800110.0	1870	MISSISSIPPI	280	BOLIVAR	110	9181439453125	73045626	0	0.754112184047699	0	0	0	0	0	13407698	0	0.0	4898414	-12107086	4896189	3450333	20546823	14041418	10529081	1328059	59985485	4741076							9124939	0.0	32853138	0	1	-21400000	21400000
2800110.0	1880	MISSISSIPPI	280	BOLIVAR	110	18652	73045626	0	0.626046359539032	0	0	0	0	0	9449973	0	0.0	4548597	0.85709924	45233464	30761495	21531937	1370883	11204592	29957323	63438807	5747009							9833709	0.0	2339362	0	1	-31000000	31000000
2800110.0	1890	MISSISSIPPI	280	BOLIVAR	110	29980	73045626	0	0.675321638584137	0	0	0	0	0	1328821	0	0.0	48894625	1474247	48560405	35195289	20256522	16829649	11991251	25649493	8082402	4436832							10308286	0.0	23880821	0	1	-48900000	48900000
2800110.0	1900	MISSISSIPPI	280	BOLIVAR	110	35427	73045626	0	0.5583760142326355	0	0	0	0	0	107595474	0	0.0	46783786	27277677	4525009	34886165	21782815	16569059	12132135	4762174	8615227	3880172							10475229	0.0	17603598	0	1	-40500000	40500000
2800130.0	1870	MISSISSIPPI	280	CALHOUN	130	10561	7429344	0	0.4522821605205536	0	0	0	0	0	11580882	0	0.0	47519407	26132145	4626599	39069157	21661737	17735567	1103848	3912023	7156956	42445908							9264923	0.0	17340452	0	1	-38900000	38900000
2800130.0	1880	MISSISSIPPI	280	CALHOUN	130	13492	7429344	0	0.4007551074028015	0	0	0	0	0	56601765	0	0.0	40360403	1498561	39536738	3229011	16786857	15018018	11011654	29957323	73957214	532326							9509852	0.0	1161006	0	1	-43800000	43800000
2800130.0	1890	MISSISSIPPI	280	CALHOUN	130	14688	7429344	0	0.3850855827331543	0	0	0	0	0	43477463	0	0.0	37722428	0.16465785	3744751	34527676	1479014	18395289	11434315	23025851	75104303	53633356							9594786	0.0	67209	0	1	-49900000	49900000
2800130.0	1900	MISSISSIPPI	280	CALHOUN	130	16512	7429344	0	0.5165654420852661	0	0	0	0	0	6468193	0	0.0	41694818	14646026	4100262	36387665	18929324	17195256	11431368	38501475	8038189	46465325							9711843	0.0	10812863	0	1	-67300000	67300000
2800150.0	1870	MISSISSIPPI	280	CARROLL	150	132797119140625	7280012	0	0.5939306616783142	0	0	0	0	0	9529615	0	0.0	4556989	20218441	44744225	36075916	12890806	17023306	11196323	34312997	6897673	4631469							9493993	0.0	1599205	0	1	-42500000	42500000
2800150.0	1880	MISSISSIPPI	280	CARROLL	150	18045824531555100	7280012	0	0.49763539200648665	0	0	0	0	0	12972673	0	0.0	48654304	0.92759985	4845747	31631505	12801149	15822593	11382929	30593212	74272437	5414226							980067	0.0	26140556	0	1	-39100000	39100000
2800150.0	1890	MISSISSIPPI	280	CARROLL	150	18773	7280012	0	0.5296697616577148	0	0	0	0	0	6475305	0	0.0	4170581	0.30425683	41494236	3369833	15596379	18527026	11692878	26390574	76343374	52115173							9840175	0.0	9941528	0	1	-58400000	58400000
2800150.0	1900	MISSISSIPPI	280	CARROLL	150	22116	7280012	0	0.5188280940055847	0	0	0	0	0	63394283	0	0.0	41493735	0.81275725	4113169	34083998	20143602	17601022	11764159	38066626	8138565	4577438							10004057	0.0	10517777	0	1	-53500000	53500000
2800170.0	1870	MISSISSIPPI	280	CHICKASAW	170	1484548828125	74868326	0	0.6973904967308044	0	0	0	0	0	95804115	0	0.0	45623055	20046153	44816556	3623706	19827693	15003235	11105775	36388521	7395024	41322474							9605452	0.0	19714058	0	1	-37400000	37400000
2800170.0	1880	MISSISSIPPI	280	CHICKASAW	170	17905	74868326	0	0.5136361122131348	0	0	0	0	0	653427	0	0.0	41796455	17546076	408701	32656188	16699857	16920302	11484865	2944439	74910874	51326604							9792835	0.0	10967974	0	1	-36300000	36300000
2800170.0	1890	MISSISSIPPI	280	CHICKASAW	170	19891	74868326	0	0.547751784324646	0	0	0	0	0	4274662	0	0.0	375529	13619828	365952	32545402	1506872	17189475	1161697	36109178	7830028	48093224							9898023	0.0	6962736	0	1	-49200000	49200000
2800170.0	1900	MISSISSIPPI	280	CHICKASAW	170	19892	74868326	0	0.5456143617630005	0	0	0	0	0	60497437	0	0.0	4102601	12425997	4043627	3415765	19037838	18339077	1173198	39702919	7970395	45559006							9898073	0.0	9113157	0	1	-60800000	60800000
2800190.0	1870	MISSISSIPPI	280	CHOCTAW	190	72943021240234300	7273229	0	0.4952614903450012	0	0	0	0	0	6582111	0	0.0	41869407	0.6698844	4156804	35316567	0.77486247	14697258	10364574	16158769	65220585	4218103							8894849	0.0	14688699	0	1	-39200000	39200000
2800190.0	1880	MISSISSIPPI	280	CHOCTAW	190	9036	7273229	0	0.46926647424697876	0	0	0	0	0	59039066	0	0.0	40781994	19799172	39473307	33113046	14336817	14392601	10548232	33672957	72137685	52261167							9108972	0.0	12281212	0	1	-46700000	46700000
2800190.0	1890	MISSISSIPPI	280	CHOCTAW	190	10847	7273229	0	0.3932577669620514	0	0	0	0	0	41421593	0	0.0	37238023	-0.9276018	37142081	3472014	1719746	17103894	11002033	1609438	72758646	52744837							9291644	0.0	7417328	0	1	-46700000	46700000
2800190.0	1900	MISSISSIPPI	280	CHOCTAW	190	13036	7273229	0	0.4948413074016571	0	0	0	0	0	6564736	0	0.0	41842976	21453319	40448475	34452472	18560535	16849148	11160385	38501475	76912003	4661804							947547	0.0	105902405	0	1	-59700000	59700000
2800210.0	1870	MISSISSIPPI	280	CLAIBORNE	210	13386	72496376	0	0.6296855807304382	0	0	0	0	0	107288734	0	0.0	46755238		46755238	38908472	19997886	1896425	1139839		7222566	44752984							9501965	0.0	161045	0	1	-37800000	37800000
2800210.0	1880	MISSISSIPPI	280	CLAIBORNE	210	16768	72496376	0	0.7179802060127258	0	0	0	0	0	48926228	0	0.0	38903136	-172086	388665	29945805	16290908	17570412	11484269	0.0	738709	50789127							9727227	0.0	8411577	0	1	-38000000	38000000
2800210.0	1890	MISSISSIPPI	280	CLAIBORNE	210	14516	72496376	0	0.6635113954544067	0	0	0	0	0	7422878	0	0.0	4307152	28630862	40380087	3069737	11300768	16417565	11224763	13862944	73118863	47935314							9583007	0.0	10981938	0	1	-53500000	53500000
2800210.0	1900	MISSISSIPPI	280	CLAIBORNE	210	20787	72496376	0	0.5941247940063477	0	0	75	0	0	84816185	0	0.0	44404864	34446795	39793627	3281258	19116623	17246274	1166671	37376697	79963174	44080815							9942083	0.0	9532772	0	1	-59600000	59600000
2800230.0	1870	MISSISSIPPI	280	CLARKE	230	748837353515625	7479357	0	0.5931491255760193	0	0	0	0	0	49535107	0	0.0	39026816	32492428	3168184	24725049	12000611	0.7559561	9677063	2888154	54445195	46265564							8921107	0.0	11158793	0	1	-30400000	30400000
2800230.0	1880	MISSISSIPPI	280	CLARKE	230	1498772265625	7479357	0	0.5975898504257202	0	0	0	0	0	41357964	0	0.0	3722265	24468782	33947008	27648907	0.6861324	11167544	10731741	29935145	7170974	49020944							9614986	0.0	9756624	0	1	-43700000	43700000
2800230.0	1890	MISSISSIPPI	280	CLARKE	230	15826	7479357	0	0.5551173686981201	0	0	0	0	0	5609118	0	0.0	40269785	2825216	3669355	28829443	12717011	13891652	11058575	3295837	7497207	49648557							966941	0.0	9778534	0	1	-50100000	50100000
2800230.0	1900	MISSISSIPPI	280	CLARKE	230	17741	7479357	0	0.5168755650520325	0	0	0	0	0	8530658	0	0.0	44462514	36649814	3834087	31452882	15764903	14212438	11204878	40943446	7744137	4669153							9783633	0.0	1116566	0	1	-61300000	61300000
2800250.0	1870	MISSISSIPPI	280	CLAY	250	13371541931152300	75288854	0	0.6139915911480784	0	0	0	0	0	8761555	0	0.0	44729586	22059755	43635626	3378295	16159171	15897845	11090669	34566588	68001904	4807743							9500884	0.0	16019045	0	1	-68300000	68300000
2800250.0	1880	MISSISSIPPI	280	CLAY	250	17367	75288854	0	0.5277196764945984	0	0	0	0	0	5799119	0	0.0	40602913	16566502	39655538	28898215	12480054	1545307	11307634	31780539	73178763	5069826							9762327	0.0	11248634	0	1	-55600000	55600000
2800270.0	1870	MISSISSIPPI	280	COAHOMA	270	690263330078125	7355678	0	0.5438574552536011	0	0	0	0	0	14592441	0	0.0	4983089	1194974	49601903	37734268	21751144	13996081	10239266	15750681	523863	5221367							8839658	0.0	35183674	0	1	-15200000	15200000
2800270.0	1880	MISSISSIPPI	280	COAHOMA	270	13568	7355678	0	0.6119834780693054	0	0	0	0	0	10579385	0	0.0	46614923	16493161	46110573	31991813	17438662	13385365	10854006	10986123	6133398	5764351							951547	0.0	26377747	0	1	-32600000	32600000
2800270.0	1890	MISSISSIPPI	280	COAHOMA	270	18342	7355678	0	0.6945660710334778	0	0	0	0	0	1381778	0	0.0	4928541	29194198	4784548	33078318	19495331	16448834	11461832	26390574	7575585	44284573							9816949	0.0	23096117	0	1	-44700000	44700000
2800270.0	1900	MISSISSIPPI	280	COAHOMA	270	26293	7355678	0	0.5256521701812744	0	0	0	0	0	121623474	0	0.0	480093	34545045	4499597	34529514	2118604	15339392	11710998	4356709	8307706	3826962							10177058	0.0	19407465	0	1	-50800000	50800000
2800290.0	1870	MISSISSIPPI	280	COPIAH	290	20608	7373067	0	0.5111963748931885	0	0	0	0	0	114885284	0	0.0	4743934	30980954	45296874	3647295	0.90877026	17227943	11656229	4060443	75379624	44850283							99334345	0.0	16558393	0	1	-33900000	33900000
2800290.0	1880	MISSISSIPPI	280	COPIAH	290	27552	7373067	0	0.5320621132850647	0	0	0	0	0	8840708	0	0.0	4481952	3353225	4091211	30885713	13463352	14702994	1169413	3912023	7841493	5187511							1022383	0.0	13748252	0	1	-34600000	34600000
2800290.0	1890	MISSISSIPPI	280	COPIAH	290	30233	7373067	0	0.5706800818443298	0	0	0	0	0	10520984	0	0.0	46559567	39455812	39797463	3199296	16303535	17324605	120491495	3713572	8051023	5081645							103166895	0.0	9462019	0	1	-52900000	52900000
2800290.0	1900	MISSISSIPPI	280	COPIAH	290	34395	7373067	0	0.5484498739242554	0	0	0	0	0	8870836	0	0.0	4485354	34449394	40494685	3246125	20049589	16371871	12082853	4919981	8411833	4521855							10445666	0.0	11159393	0	1	-41400000	41400000
2800310.0	1870	MISSISSIPPI	280	COVINGTON	310	479180793762207	7390529	0	0.6705612679943442	0	0	0	0	0	7789455	0	0.0	43553557	16225804	4288106	37000165	14556317	14892563	996392	23978953	65586677	38755949							8474663	0.0	16425743	0	1	-28900000	28900000
2800310.0	1880	MISSISSIPPI	280	COVINGTON	310	5993	7390529	0	0.41898852586746216	0	0	0	0	0	44710495	0	0.0	38002083	15857319	3684561	32409759	0.8606761	16235214	10321869	24849067	6555357	54681892							8698347	0.0	785413	0	1	-43000000	43000000
2800310.0	1890	MISSISSIPPI	280	COVINGTON	310	8299	7390529	0	0.3488975763320923	0	0	0	0	0	63319675	0	0.0	4148196	10323184	41028438	33955986	13657203	15789502	1060284	23025851	70596175	5449762							90238905	0.0	1247708	0	1	-46800000	46800000
2800310.0	1900	MISSISSIPPI	280	COVINGTON	310	13237318405151300	7390529	0	0.4215419990941882	0	0	0	0	0	8287768	0	0.0	44173656	32500403	40445642	33811471	19128569	15164759	11007271	37498286	75945225	4866394							9490795	0.0	12529529	0	1	-52700000	52700000
2800370.0	1870	MISSISSIPPI	280	FRANKLIN	370	7498	7375267	0	0.549823522567749	0	0	0	0	0	8241491	0	0.0	44117665	0.67321116	43876905	35907245	15474603	14590988	10381491	17917595	6291569	447801							8922392	0.0	18701275	0	1	-40500000	40500000
2800370.0	1880	MISSISSIPPI	280	FRANKLIN	370	9729	7375267	0	0.5592558979988098	0	0	0	0	0	56540653	0	0.0	403496	-0.28041083	4021508	3230005	14578569	13540183	10536884	20794415	71196356	53646727							9182866	0.0	14403769	0	1	-41600000	41600000
2800370.0	1890	MISSISSIPPI	280	FRANKLIN	370	10424	7375267	0	0.5315574407577515	0	0	0	0	0		0	0.0			4132523	34469192	17610089	16749892	10926855	0.6931472	72800083	52190714							9251866	0.0	11675981	0	1	-48000000	48000000
2800370.0	1900	MISSISSIPPI	280	FRANKLIN	370	13678	7375267	0	0.5283066034317017	0	0	0	0	0	709981	0	0.0	42626534	2231072	41220937	33847668	17220247	15753195	11098864	34965076	7551187	492563							9523544	0.0	12765856	0	1	-64100000	64100000
2800410.0	1870	MISSISSIPPI	280	GREENE	410	2038	7351081	0	0.3849843740463257	0	0	0	0	0	691791	0	0.0	42366986	31139078	38431072	4274906	-0.007881806	0.80359775	8423322	24849067	5379897	32365074							76197243	0.0	2089499	0	1	-43000000	43000000
2800410.0	1880	MISSISSIPPI	280	GREENE	410	3194	7351081	0	0.6878785490989685	0	0	0	0	0	20028805	0	0.0	29971714	16311173	27026505	40787835	0.655178	0.62998533	8699015	0.6931472	5880533	54858685							8069029	0.0	7945973	0	1	-42600000	42600000
2800410.0	1890	MISSISSIPPI	280	GREENE	410	3906	7351081	0	0.4720273017883301	0	0	0	0	0	41173325	0	0.0	37177906	15162914	36005406	39345026	0.72439975	0.8246604	909493	24849067	622059	5669881							8270269	0.0	1605275	0	1	-47700000	47700000
2800410.0	1900	MISSISSIPPI	280	GREENE	410	6795	7351081	0	0.5932226181030273	0	0	0	0	0	61777187	0	0.0	4123534	35782726	3256771	3533103	15908707	0.8997604	9723702	3218876	65971456	50690846							8823942	0.0	1055934	0	1	-38200000	38200000
2800430.0	1870	MISSISSIPPI	280	GRENADA	430	10571	7565666	0	0.5058592557907104	0	0	0	0	0	9585309	0	0.0	45628166	16065011	4509405	35964086	19077996	16819148	10947784	2944439	60958247	51812773							926587	0.0	16902988	0	1	-47600000	47600000
2800430.0	1880	MISSISSIPPI	280	GRENADA	430	12071	7565666	0	0.6194713711738586	0	0	0	0	0	6584981	0	0.0	41873765	11654987	41374407	2913303	1303379	1413185	10811746	31354942	6834109	53776975							93985615	0.0	15245061	0	1	-45800000	45800000
2800430.0	1890	MISSISSIPPI	280	GRENADA	430	14974	7565666	0	0.5430800318717957	0	0	0	0	0	45797916	0	0.0	38242385	0.9163708	37680998	32209306	15963975	16513802	112654505	20794415	7026427	5363485							9614071	0.0	8303854	0	1	-49200000	49200000
2800430.0	1900	MISSISSIPPI	280	GRENADA	430	14112	7565666	0	0.6109508872032166	0	0	0	0	0	7229287	0	0.0	42807255	28950298	39928439	33523774	16632366	18208921	11375673	38501475	75745583	4660682							9554781	0.0	8775394	0	1	-65200000	65200000
2800450.0	1870	MISSISSIPPI	280	HANCOCK	450	2755443115234370	76374574	0	0.24025879800319672	0	0	0	0	0	109157814	0	0.0	4692795	4309514	35482798	24889677	-0.9375098	-11464475	6774886	17664754	38999841	31190555							79213333	0.0		0	1	-22800000	22800000
2800450.0	1880	MISSISSIPPI	280	HANCOCK	450	41854912109375	76374574	0	0.4512256383895874	0	0	0	0	0	36650566	0	0.0	3601429	2728191	3060836	29534955	0.5368848	-0.383044	79563355	1871836	5466405	53281426							8339379	0.0	313082	0	1	-33100000	33100000
2800450.0	1890	MISSISSIPPI	280	HANCOCK	450	8318	76374574	0	0.5489504933357239	0	0	0	0	0	6080993	0	0.0	41077533	40322385	14868042	12635927	-0.61656916	-1073562	79526153	27080503	53565865	54217553							9026177	0.0	12940556	0	1	-47700000	47700000
2800450.0	1900	MISSISSIPPI	280	HANCOCK	450	11886	76374574	0	0.5172092318534851	0	0	0	0	0	13601573	0	0.0	49127707	4801433	26624293	30128696	0.81973463	-0.6812712	8701845	36888795	6272877	48983326							9383117	0.0	28323744	0	1	-63800000	63800000
2800470.0	1870	MISSISSIPPI	280	HARRISON	470	5865762924194330	77240443	0	0.23107418837025762	0	0	0	0	0	34300545	0	0.0	35351613	33325062	18392944	26012325	-127218	-16784298	6998458	2952094	48067245	23830864							86768875	0.0	33707638	0	1	-33000000	33000000
2800470.0	1880	MISSISSIPPI	280	HARRISON	470	7895	77240443	0	0.7791748642921448	0	0	0	0	0	30540089	0	0.0	34190402	32353325	1634183	23167965	-0.8409847	-10920475	78819375	26390574	5247024	4732197							8973985	0.0	15275198	0	1	-31400000	31400000
2800470.0	1890	MISSISSIPPI	280	HARRISON	470	12481	77240443	0	0.42976024746894836	0	0	0	0	0	39397083	0	0.0	36736917	33194673	24639776	25989227	0.43018186	-0.3512756	90806875	19459101	61862087	55973125							9431963	0.0	16697405	0	1	-42600000	42600000
2800470.0	1900	MISSISSIPPI	280	HARRISON	470	21002	77240443	0	0.6295227408409119	0	0	100	0	0	12284235	0	0.0	48109016	4700655	25512493	25400321	0.41516304	-0.8089205	9143453	459512	65694814	4825167							9952373	0.0	28794077	0	1	-70800000	70800000
2800490.0	1870	MISSISSIPPI	280	HINDS	490	30488	7883838	0	0.5005056262016296	0	0	0	0	0	106435844	0	0.0	46675425	2425933	45551715	3279548	15359201	16919582	12017047	40073333	7074963	5220022							103250885	0.0	17517725	0	1	-45100000	45100000
2800490.0	1880	MISSISSIPPI	280	HINDS	490	43958	7883838	0	0.5671888589859009	0	0	0	0	0	52473293	0	0.0	39603043	14971733	38712897	28233654	1333393	14349946	12125984	26390574	7702556	53632474							106909895	0.0	11430612	0	1	-57400000	57400000
2800510.0	1870	MISSISSIPPI	280	HOLMES	510	19370	7050657	0	0.5657205581665039	0	0	0	0	0	105075424	0	0.0	46546783	13447891	46174746	34452035	17770764	15762767	11447758	30445225	726403	44515586							9871481	0.0	20930304	0	1	-34200000	34200000
2800510.0	1880	MISSISSIPPI	280	HOLMES	510	27164	7050657	0	0.6307582855224609	0	0	0	0	0	66812546	0	0.0	4201891	0.67700374	41719933	31369066	16560168	20210834	12230731	31780539	79193563	5014481							10209648	0.0	8592674	0	1	-29400000	29400000
2800510.0	1890	MISSISSIPPI	280	HOLMES	510	30970	7050657	0	0.5884566903114319	0	0	0	0	0	62849823	0	0.0	4140748	0.49012196	411443	31391935	1864498	16774858	1201826	23978953	7728416	51643696							10340775	0.0	11438035	0	1	-57700000	57700000
2800510.0	1900	MISSISSIPPI	280	HOLMES	510	36828	7050657	0	0.5319193005561829	0	0	0	0	0	6908059	0	0.0	4235274	19403594	41290574	32008862	17518597	17093093	12223323	40430512	854578	427754							10514013	0.0	11243027	0	1	-40700000	40700000
2800550.0	1870	MISSISSIPPI	280	ISSAQUENA	550	57646416015625	73948975	0	0.42163271456956863	0	0	0	0	0	15760022	0	0.0	50600615	29693282	4928133	3454417	26833365	16571617	1031666	31182628	55222416	6200584							8659498	0.0	26336906	0	1	-46000000	46000000
2800550.0	1880	MISSISSIPPI	280	ISSAQUENA	550	10004	73948975	0	0.3884510397911072	0	0	0	0	0	87136246	0	0.0	4467473	-12913841	44643135	28278954	21715639	11825229	10393263	0.0	44308167	66713924							921074	0.0	26623396	0	1	-52000000	52000000
2800550.0	1890	MISSISSIPPI	280	ISSAQUENA	550	12318	73948975	0	0.6935728788375854	0	0	0	0	0	13787953	0	0.0	492638		492638	33018742	22394204	17206798	11139497		7474772	41379943							9418817	0.0	24672777	0	1	-56500000	56500000
2800550.0	1900	MISSISSIPPI	280	ISSAQUENA	550	10400	73948975	0	0.6451797485351562	0	0	0	0	0	967725	0	0.0	4572363	24403634	44461193	346944	2359447	16664723	10916034	3637586	74061036	40020227							9249561	0.0	16113329	0	1	-65800000	65800000
2800570.0	1870	MISSISSIPPI	280	ITAWAMBA	570	7812	7537798	0	0.3653550446033478	0	0	0	0	0	5503085	0	0.0	4007894		4007894	35760417	0.13766713	13422309	10305647		6802395	3759312							8963416	0.0	14377479	0	1	-43600000	43600000
2800570.0	1880	MISSISSIPPI	280	ITAWAMBA	570	10663	7537798	0	0.35689878463745117	0	0	0	0	0	4276742	0	0.0	37557766	0.954436	36931257	31250093	10188301	15731502	10847685	21972246	72477927	54975796							9274535	0.0	8330935	0	1	-56800000	56800000
2800570.0	1890	MISSISSIPPI	280	ITAWAMBA	570	11708	7537798	0	0.4799884557723999	0	0	0	0	0	33855995	0	0.0	35221162	1074173	34316757	3268105	12550055	15915648	10959593	29957323	74448333	5169574							9368028	0.0	62972364	0	1	-45600000	45600000
2800570.0	1900	MISSISSIPPI	280	ITAWAMBA	570	13544	7537798	0	0.4744562804698944	0	0	0	0	0	59889175	0	0.0	4092496	15481467	4010717	35069108	186889	1778929	11292628	3295837	77226777	48419957							9513699	0.0	931651	0	1	-61700000	61700000
2800590.0	1870	MISSISSIPPI	280	JACKSON	590	429123681640625	78135676	0	0.3402758836746216	0	0	0	0	0	10587277	0	0.0	4662238	4534112	2544119	25838852	-13305633	-12175136	71468167	21808689	43903637	29722888							836433	0.0	4301859	0	1	-33400000	33400000
2800590.0	1880	MISSISSIPPI	280	JACKSON	590	7607	78135676	0	0.5473619103431702	0	0	0	0	0	492198	0	0.0	3896296	38674254	0.33696035	0.883988	-22472248	-0.59517556	8341649	26390574	31354942	6351568							8936824	0.0	25399284	0	1	-24000000	24000000
2800590.0	1890	MISSISSIPPI	280	JACKSON	590	11251	78135676	0	0.4567202925682068	0	0	0	0	0	7029464	0	0.0	42526956	4006444	27306936	28411446	0.34144983	-0.0504002	9277812	26390574	62461066	58481846							9328213	0.0	16136662	0	1	-46800000	46800000
2800590.0	1900	MISSISSIPPI	280	JACKSON	590	16513	78135676	0	0.5505661368370056	0	0	0	0	0	12898631	0	0.0	48597064	476511	24546435	2596965	0.6340241	-0.695269	9016634	4356709	62989492	53586087							9711904	0.0	2333402	0	1	-55100000	55100000
2800610.0	1870	MISSISSIPPI	280	JASPER	610	10884	7279517	0	0.5561612844467163	0	0	0	0	0	7164857	0	0.0	42717733	0.025221273	4257356	37921264	16527882	1813061	1110811	21972246	73172126	40980725							9295049	0.0	11522426	0	1	-38500000	38500000
2800610.0	1880	MISSISSIPPI	280	JASPER	610	12126	7279517	0	0.49798622727394104	0	0	0	0	0	4924666	0	0.0	38968415	0.5470254	38611202	30036547	11696702	15705589	10973666	24849067	7031741	55073495							9403108	0.0	9880483	0	1	-41100000	41100000
2800610.0	1890	MISSISSIPPI	280	JASPER	610	14785	7279517	0	0.5331766605377197	0	0	0	0	0	5881948	0	0.0	4074473	11868366	40171533	32520168	11484165	17864245	11387793	32580965	76241307	51767592							9601369	0.0	9306648	0	1	-51600000	51600000
2800610.0	1900	MISSISSIPPI	280	JASPER	610	15394	7279517	0	0.5303748846054077	0	0	0	0	0	58430492	0	0.0	40678377	0.8226266	4028098	34171238	15444922	1675895	11317628	3465736	7720462	49323506							9641733	0.0	10508698	0	1	-53700000	53700000
2800630.0	1870	MISSISSIPPI	280	JEFFERSON	630	13848	69370375	0	0.7324728965759277	0	0	0	0	0	98352974	0	0.0	4588563	0.28285024	457498	36908543	17005378	15071697	11043066	25649493	6761573	4608348							9535896	0.0	21494778	0	1	-47000000	47000000
2800630.0	1880	MISSISSIPPI	280	JEFFERSON	630	17314	69370375	0	0.6787436008453369	0	0	0	0	0	53379925	0	0.0	39774346	0.31290418	39514847	31778975	11952482	12791289	110384	27725887	73466554	516145							9759271	0.0	14474027	0	1	-51100000	51100000
2800630.0	1890	MISSISSIPPI	280	JEFFERSON	630	18947	69370375	0	0.6727419495582581	0	0	0	0	0	6527968	0	0.0	4178681	0.97504646	41372185	33511264	13777075	15418653	11391266	19459101	74776044	49059157							98494005	0.0	13401321	0	1	-60500000	60500000
2800630.0	1900	MISSISSIPPI	280	JEFFERSON	630	21292	69370375	0	0.5908023715019226	0	0	0	0	0	79233894	0	0.0	4372404	18014035	4292864	3406439	18875165	16611491	11627235	40073333	8181721	4234844							9966086	0.0	13897583	0	1	-59400000	59400000
2800670.0	1870	MISSISSIPPI	280	JONES	670	3313	76367407	0	0.4594687819480896	0	0	0	0	0	4065771	0	0.0	37051885		37051885	37650673	0.35055912	12753173	9380927		5817111	38949738							8105609	0.0	1135742	0	1	-27800000	27800000
2800670.0	1880	MISSISSIPPI	280	JONES	670	3828	76367407	0	0.3819010555744171	0	0	0	0	0	28982498	0	0.0	3366692	0.8882094	32790947	35358353	0.7820725	120882	9458918	13862944	6086775	57788687							8250098	0.0	79270005	0	1	-22700000	22700000
2800670.0	1890	MISSISSIPPI	280	JONES	670	8333	76367407	0	0.35652488470077515	0	0	0	0	0	92376816	0	0.0	4525876	39969614	36361198	3140911	16011231	1165114	10193092	28903718	6823286	5602765							9027979	0.0	11834344	0	1	-33700000	33700000
2800670.0	1900	MISSISSIPPI	280	JONES	670	17846	76367407	0	0.48011514544487	0	0	0	0	0	15432365	0	0.0	5039052	4762015	36201258	2971727	144063	0.90418136	10693716	3988984	73530817	49640737							9789535	0.0	1511888	0	1	-63500000	63500000
2800690.0	1870	MISSISSIPPI	280	KEMPER	690	12920	7026283	0	0.5314339399337769	0	0	0	0	0	70986145	0	0.0	42624846	19116043	4162349	33782609	0.81918633	1456146	10922678	3295837	6505784	4787722							9466532	0.0	1497232	0	1	-32400000	32400000
2800690.0	1880	MISSISSIPPI	280	KEMPER	690	15719	7026283	0	0.5611277222633362	0	0	0	0	0	54486355	0	0.0	39979503	15242928	390991	3629246	10975727	16058817	11268507	29957323	75621614	509328							9662625	0.0	100144415	0	1	-31400000	31400000
2800690.0	1890	MISSISSIPPI	280	KEMPER	690	17961	7026283	0	0.5114141702651978	0	0	0	0	0	15334726	0	0.0	5032705	10965129	50129895	33008003	12418307	18153819	1161134	31780539	78336	5118108							9795958	0.0	24473907	0	1	-52400000	52400000
2800690.0	1900	MISSISSIPPI	280	KEMPER	690	20492	7026283	0	0.49854007363319397	0	0	0	0	0	65059586	0	0.0	41753035	14343941	4108617	3412793	17673738	17885824	117163725	38501475	8105911	46094112							992779	0.0	10176025	0	1	-57400000	57400000
2800710.0	1870	MISSISSIPPI	280	LAFAYETTE	710	1816043359375	7554329	0	0.5661640167236328	0	0	0	0	0	13382285	0	0.0	4896517	30342326	47277226	37505236	12832773	15572541	11364255	35762	78095226	39072094							9807	0.0	23818638	0	1	-37900000	37900000
2800710.0	1880	MISSISSIPPI	280	LAFAYETTE	710	21671	7554329	0	0.5227166414260864	0	0	0	0	0	50768494	0	0.0	3927276	13787559	3845852	294017	11647474	13840885	11367819	34011974	7678326	5190567							998373	0.0	1172547	0	1	-52600000	52600000
2800710.0	1890	MISSISSIPPI	280	LAFAYETTE	710	20553	7554329	0	0.5210639834403992	0	0	0	0	0	3953559	0	0.0	36772013	0.06370797	36498737	32063518	12857767	17821938	11712956	23978953	78407063	51434							9930762	0.0	6473261	0	1	-50500000	50500000
2800710.0	1900	MISSISSIPPI	280	LAFAYETTE	710	22110	7554329	0	0.525371789932251	0	0	0	0	0	7046721	0	0.0	42551475	18352157	41620145	34502516	20471528	1755336	11759121	426268	8261269	456982							10003785	0.0	11097041	0	1	-52100000	52100000
2800750.0	1870	MISSISSIPPI	280	LAUDERDALE	750	13462	772165	0	0.5058533549308777	0	0	0	0	0	41045906	0	0.0	37146912		37146912	30497334	10957607	11775688	10685195		6315358	4784874							9507627	0.0	12643236	0	1	-46300000	46300000
2800750.0	1880	MISSISSIPPI	280	LAUDERDALE	750	21501	772165	0	0.5389477610588074	0	0	0	0	0	58041626	0	0.0	40611606	29990778	36369176	26485498	1087058	11839466	111598015	37612002	7470224	50803633							9975855	0.0	11622828	0	1	-63900000	63900000
2800770.0	1870	MISSISSIPPI	280	LAWRENCE	770	710550345993042	74340167	0	0.5083401799201965	0	0	0	0	0	7008865	0	0.0	4249761	0.95224524	42120852	35821116	0.87684906	1557912	10426537	25060692	6359615	44855404							8868625	0.0	14213228	0	1	-25600000	25600000
2800770.0	1880	MISSISSIPPI	280	LAWRENCE	770	9526021781921380	74340167	0	0.4336343761533499	0	0	0	0	0	5692863	0	0.0	40417986	0.9755907	39940803	3432583	12977498	16087587	10770541	26390574	71461153	5373742							9161782	0.0	108625555	0	1	-28700000	28700000
2800770.0	1890	MISSISSIPPI	280	LAWRENCE	770	12318	74340167	0	0.39484021067619324	0	0	0	0	0	7321676	0	0.0	4293424	0.6613094	42666078	3527382	14577198	17773272	11196144	26390574	746451	5377171							9418817	0.0	12052602	0	1	-45700000	45700000
2800770.0	1900	MISSISSIPPI	280	LAWRENCE	770	15103	74340167	0	0.4855574071407318	0	0	0	0	0	6872986	0	0.0	42301836	1443599	4166571	34200046	18265913	18140651	11436714	37612002	7828038	47566476							9622648	0.0	10511882	0	1	-55900000	55900000
2800790.0	1870	MISSISSIPPI	280	LEAKE	790	8496	7334235	0	0.5466171503067017	0	0	0	0	0	7577366	0	0.0	43277507	0.92659533	42938476	35355647	0.6775482	17070781	10754429	17917595	67730803	4393983							9047351	0.0	13286782	0	1	-29000000	29000000
2800790.0	1880	MISSISSIPPI	280	LEAKE	790	13146	7334235	0	0.5029962658882141	0	0	0	0	0	59403393	0	0.0	40843515	12296557	4025054	31306539	12445574	14923792	10976252	27725887	7518064	5129317							9483872	0.0	125871315	0	1	-33900000	33900000
2800790.0	1890	MISSISSIPPI	280	LEAKE	790	14803	7334235	0	0.41680359840393066	0	0	0	0	0	51408634	0	0.0	39398062	0.9242171	3889547	3209496	13448825	16900427	11292628	27080503	76338534	51756263							9602585	0.0	9020541	0	1	-44000000	44000000
2800790.0	1900	MISSISSIPPI	280	LEAKE	790	17360	7334235	0	0.45391160249710083	0	0	0	0	0	59251038	0	0.0	40817833	1274078	40195427	32947845	17680552	17779939	11539918	3871201	79215355	4749343							9761924	0.0	940789	0	1	-68800000	68800000
2800810.0	1870	MISSISSIPPI	280	LEE	810	12642224609375	7783516	0	0.6726613640785217	0	0	0	0	0	8744545	0	0.0	4471015	0.85403526	44437838	37232385	17062798	15097786	109545765	19644947	7353059	40677853							94447975	0.0	18802794	0	1	-58800000	58800000
2800810.0	1880	MISSISSIPPI	280	LEE	810	20470	7783516	0	0.526336669921875	0	0	0	0	0	52828773	0	0.0	3967056	12476975	3898866	30394313	152007	16042658	11530981	36109178	7629976	5080642							9926716	0.0	9920469	0	1	-74100000	74100000
2800810.0	1890	MISSISSIPPI	280	LEE	810	20040	7783516	0	0.5137894153594971	0	0	0	0	0	35212826	0	0.0	35614104	1821139	33684652	32254808	12111328	17597833	11665269	3218876	77217917	49916043							9905485	0.0	49962215	0	1	-69700000	69700000
2800830.0	1870	MISSISSIPPI	280	LEFLORE	830	58357763671875	74888406	0	0.46793316304683685	0	0	0	0	0	11790827	0	0.0	4769907	18525451	4714314	38879256	17112622	17408551	10412618	24769075	6393628	42073884							8671762	0.0	1955945	0	1	-30000000	30000000
2800830.0	1880	MISSISSIPPI	280	LEFLORE	830	1020529296875	74888406	0	0.6835379600524902	0	0	0	0	0	7948126	0	0.0	4375521	-0.16356435	43647804	31664703	22232563	13659343	10596596	10946314	6089589	57224264							9230661	0.0	2006238	0	1	-40500000	40500000
2800830.0	1890	MISSISSIPPI	280	LEFLORE	830	16869	74888406	0	0.6304493546485901	0	0	0	0	0	101203094	0	0.0	46171293	0.36190754	46028376	33649197	20982919	15588214	11292054	24849067	7650169	43546777							97332325	0.0	20989374	0	1	-62100000	62100000
2800830.0	1900	MISSISSIPPI	280	LEFLORE	830	23834	74888406	0	0.48718011379241943	0	0	0	0	0	12444348	0	0.0	48238516	3668148	44457545	32630496	20752265	1591172	1167004	4574711	8358432	38810344							10078869	0.0	1736719	0	1	-44400000	44400000
2800850.0	1870	MISSISSIPPI	280	LINCOLN	850	10184	7543932	0	0.5149061679840088	0	0	0	0	0	7326365	0	0.0	42940645	27078996	4065017	32943482	11905783	12231803	10451754	37841897	65792513	4233976							9228573	0.0	17147234	0	1	-29700000	29700000
2800850.0	1880	MISSISSIPPI	280	LINCOLN	850	13547	7543932	0	0.5303889513015747	0	0	0	0	0	5505049	0	0.0	40082507	26922271	36960032	3089612	11860152	1408577	10922498	3218876	73714895	52881703							9513921	0.0	9849555	0	1	-40300000	40300000
2800850.0	1890	MISSISSIPPI	280	LINCOLN	850	17912	7543932	0	0.5043511390686035	0	0	0	0	0	9277361	0	0.0	45301623	38749566	37975771	31924236	14025198	14495428	11242769	34339871	758883	5130286							9793226	0.0	10464979	0	1	-42000000	42000000
2800850.0	1900	MISSISSIPPI	280	LINCOLN	850	21552	7543932	0	0.48981931805610657	0	0	0	0	0	126626114	0	0.0	4841239	4406705	3798345	31413035	19024994	139552	11373744	44886365	77475967	4603673							9978224	0.0	11054363	0	1	-55900000	55900000
2800870.0	1870	MISSISSIPPI	280	LOWNDES	870	25296224609375	76448464	0	0.5264379382133484	0	0	0	0	0	7954613	0	0.0	4376337	26034665	41901946	30139318	0.840809	15598651	11698276	4130351	6503705	54585276							10138411	0.0	13878341	0	1	-31500000	31500000
2800870.0	1880	MISSISSIPPI	280	LOWNDES	870	28244	76448464	0	0.6036794185638428	0	0	0	0	0	4914357	0	0.0	3894746	22370963	36833007	27720952	10895547	1497874	117465105	3583519	7572503	504671							10248636	0.0	88944435	0	1	-53400000	53400000
2800870.0	1900	MISSISSIPPI	280	LOWNDES	870	29095	76448464	0	0.5181257128715515	0	0	0	0	0	7880574	0	0.0	4366986	33223608	39333932	3162638	1911774	16404489	11918771	4634729	8151045	4330743							10278321	0.0	9904057	0	1	-48700000	48700000
2800890.0	1870	MISSISSIPPI	280	MADISON	890	20948	73523707	0	0.4807068407535553	0	0	0	0	0	107737114	0	0.0	4679694	16254067	46313896	369208	18921573	2318225	122680235	34965076	65567784	58748507							9949799	0.0	10106358	0	1	-31300000	31300000
2800890.0	1880	MISSISSIPPI	280	MADISON	890	25866	73523707	0	0.6539085507392883	0	0	0	0	0	6098001	0	0.0	4110546	0.429605	4085024	30372944	15136367	15959239	11756609	25649493	7886081	4950626							10160685	0.0	12050426	0	1	-27900000	27900000
2800890.0	1890	MISSISSIPPI	280	MADISON	890	27321	73523707	0	0.6284716129302979	0	0	0	0	0	5646971	0	0.0	40337043	0.54119325	40028076	33211527	15246501	19986348	12214046	28903718	80110235	49002376							10215411	0.0	74199533	0	1	-36500000	36500000
2800890.0	1900	MISSISSIPPI	280	MADISON	890	32493	73523707	0	0.5460419058799744	0	0	0	0	0	6445819	0	0.0	41660166	19731505	40476875	32971787	17122654	19042591	12293039	4317488	8458928	433502							1038878	0.0	8528628	0	1	-50600000	50600000
2800910.0	1870	MISSISSIPPI	280	MARION	910	3209091552734370	7440908	0	0.5989370346069336	0	0	0	0	0	4709689	0	0.0	3852207		3852207	37908223	12714828	15557796	9629523		58810205	41694818							8073743	0.0	9938612	0	1	-22300000	22300000
2800910.0	1880	MISSISSIPPI	280	MARION	910	5296486328125	7440908	0	0.6378130316734314	0	0	0	0	0	27894218	0	0.0	33284194		33284194	33871543	0.20569028	0.9631401	9537939		64888153	5145879							8574799	0.0	10647013	0	1	-36700000	36700000
2800910.0	1890	MISSISSIPPI	280	MARION	910	9532	7440908	0	0.42001405358314514	0	0	0	0	0	62674046	0	0.0	41379476	2967451	3766575	35134478	1296542	1215478	10377888	27725887	71212525	5417143							916241	0.0	12821163	0	1	-49800000	49800000
2800910.0	1900	MISSISSIPPI	280	MARION	910	13339681640625	7440908	0	0.4654911756515503	0	0	0	0	0	7345848	0	0.0	42967205	3335242	3814924	33870468	18229208	13891051	10887604	37491796	747291	489675							9498499	0.0	11311489	0	1	-73500000	73500000
2800930.0	1870	MISSISSIPPI	280	MARSHALL	930	24446416015625	72229686	0	0.5286274552345276	0	0	0	0	0	9157619	0	0.0	45171714	2037083	4429721	3619859	1158015	18603722	11964611	44496737	8053218	42491126							101042385	0.0	13057314	0	1	-31900000	31900000
2800930.0	1880	MISSISSIPPI	280	MARSHALL	930	29330	72229686	0	0.5209139585494995	0	0	0	0	0	7563785	0	0.0	4325957	19410031	4229343	29720635	12515348	17027997	11989166	35263605	79069157	5014637							10286366	0.0	12510189	0	1	-34000000	34000000
2800930.0	1890	MISSISSIPPI	280	MARSHALL	930	26043	72229686	0	0.5481699705123901	0	0	0	0	0	59473755	0	0.0	4085535	15366611	4004141	33203769	14724061	20534325	12220937	3583519	81967125	492054							10167504	0.0	7033671	0	1	-47400000	47400000
2800930.0	1900	MISSISSIPPI	280	MARSHALL	930	27674	72229686	0	0.4660980999469757	0	0	0	0	0	7026693	0	0.0	4252301	19416941	4147828	33689828	18813682	10932863	11321535	45849676	8415382	45212626							10228249	0.0	21211466	0	1	-50100000	50100000
2800950.0	1870	MISSISSIPPI	280	MONROE	950	22397470703125	75601907	0	0.5512576699256897	0	0	0	0	0	72807655	0	0.0	42878213	18861011	41928926	33678885	0.8350912	14378351	11454538	13759217	7201922	455789							10016704	0.0	15721945	0	1	-73400000	73400000
2800950.0	1880	MISSISSIPPI	280	MONROE	950	28553	75601907	0	0.5680566430091858	0	0	0	0	0	6513053	0	0.0	41763935	1866321	40718613	31474023	15389329	16968625	1195638	39702919	7986845	510826							10259518	0.0	10751001	0	1	-66700000	66700000
2800950.0	1900	MISSISSIPPI	280	MONROE	950	31216	75601907	0	0.5245876312255859	1	0	50	1	0	8569503	0,4726742708	0.0016017427	44507947	3060344	41644945	33363457	20615103	1792336	12141022	45108595	8487558	44121475	57838254	3912023	4477337	-4564861	-6436663	-58713493	10348686	0.032034855	10720508	0	1	88000000	54800000
2800970.0	1870	MISSISSIPPI	280	MONTGOMERY	970	8160591552734370	73548803	0	0.539183184504509	0	0	0	0	0	8234195	0	0.0	44108806	15695653	43507605	3585661	100092	15948993	10601972	25712318	65292864	44357357							90070715	0.0	15734581	0	1	-36400000	36400000
2800970.0	1880	MISSISSIPPI	280	MONTGOMERY	970	13137883506774900	73548803	0	0.4522141804918647	0	0	0	0	0	56802208	0	0.0	4039575	13487066	39693437	3009528	13321383	15084863	10991741	2873499	7070378	5400935							9483255	0.0	11714852	0	1	-43700000	43700000
2800970.0	1890	MISSISSIPPI	280	MONTGOMERY	970	14459	73548803	0	0.5135149955749512	0	0	0	0	0	51591396	0	0.0	39433548	12913991	38702323	33553698	15982405	17976094	11376682	29957323	7498316	5125218							9579072	0.0	7945636	0	1	-56500000	56500000
2800970.0	1900	MISSISSIPPI	280	MONTGOMERY	970	16536	73548803	0	0.4891190230846405	0	0	0	0	0	738545	0	0.0	4302097	30839558	39514332	33647568	17467569	17094321	11422728	41108737	77807207	45901837							9713295	0.0	94121475	0	1	-51500000	51500000
2800990.0	1870	MISSISSIPPI	280	NESHOBA	990	74255283203125	750112	0	0.3196496069431305	0	0	0	0	0	7327597	0	0.0	4294233	0.49568263	4271575	38845458	18324363	14490123	10361691	10967997	6915893	36687145							8912679	0.0	16819897	0	1	-26700000	26700000
2800990.0	1880	MISSISSIPPI	280	NESHOBA	990	8741	750112	0	0.4214632511138916	0	0	0	0	0	5779602	0	0.0	405692	16300007	39644663	32644913	14202884	16601602	1073594	27080503	71553965	5438561							907578	0.0	10017225	0	1	-37500000	37500000
2800990.0	1890	MISSISSIPPI	280	NESHOBA	990	11146	750112	0	0.4222860038280487	0	0	0	0	0	564302	0	0.0	40330043	0.55630356	40016074	34202151	14902858	16906532	11009489	25649493	7422374	52427096							9318836	0.0	100840435	0	1	-50200000	50200000
2800990.0	1900	MISSISSIPPI	280	NESHOBA	990	12726	750112	0	0.4498307406902313	0	0	0	0	0	6638386	0	0.0	4195454	0.7731899	4162271	35418653	18134463	17667493	11218152	33322046	7721349	4808869							9451403	0.0	10973923	0	1	-66300000	66300000
2801010.0	1870	MISSISSIPPI	280	NEWTON	1010	10067	7532646	0	0.5152193307876587	0	0	0	0	0	74131615	0	0.0	4305842	26077282	4103691	3523001	13473	1580392	1079741	31354942	6731018	44289827							9217018	0.0	12469669	0	1	-38700000	38700000
2801010.0	1880	MISSISSIPPI	280	NEWTON	1010	13436	7532646	0	0.47514548897743225	0	0	0	0	0	519287	0	0.0	39498715	15523145	38545275	31012542	14668579	14628328	10968526	30445225	73085427	5353498							95056925	0.0	10932005	0	1	-38600000	38600000
2801010.0	1890	MISSISSIPPI	280	NEWTON	1010	16625	7532646	0	0.508433997631073	0	0	0	0	0	57956814	0	0.0	4059698	0.9765041	40128026	34187074	14840622	16985004	11417163	31780539	7822445	5067251							9718663	0.0	10117864	0	1	-55000000	55000000
2801010.0	1900	MISSISSIPPI	280	NEWTON	1010	19708	7532646	0	0.5071555376052856	0	0	0	0	0	73626854	0	0.0	429901	2672506	40800877	34253535	17181822	17632812	11652061	41431346	8094684	4585171							988878	0.0	10143229	0	1	-68000000	68000000
2801030.0	1870	MISSISSIPPI	280	NOXUBEE	1030	20905	71658573	0	0.5256925821304321	0	0	0	0	0	11384496	0	0.0	47348375	23116755	46420193	37920213	21478722	20333526	11981096	3637586	67787848	5423952							9947743	0.0	13580933	0	1	-29800000	29800000
2801030.0	1880	MISSISSIPPI	280	NOXUBEE	1030	29874	71658573	0	0.5762889385223389	0	0	0	0	0	6659503	0	0.0	419863	18970296	409316	29731197	12252551	16249428	11929687	3583519	7518607	5308461							10304744	0.0	1180139	0	1	-31500000	31500000
2801030.0	1890	MISSISSIPPI	280	NOXUBEE	1030	27338	71658573	0	0.5933958888053894	0	0	0	0	0	54895348	0	0.0	4005429	13716196	39309158	3248174	129188	17975769	1201361	35263605	7893199	48698864							10216033	0.0	844301	0	1	-43900000	43900000
2801030.0	1900	MISSISSIPPI	280	NOXUBEE	1030	30846	71658573	0	0.5044049024581909	0	0	0	0	0	55594437	0	0.0	4018083	14674885	39368348	33656423	17362931	18357018	12172464	4356709	8392083	4328899							10336762	0.0	8175427	0	1	-45800000	45800000
2801050.0	1870	MISSISSIPPI	280	OKTIBBEHA	1050	107147578125	7563143	0	0.5964594483375549	0	0	0	0	0	90280235	0	0.0	45029187	15627534	4448613	3477264	18615682	17379099	11017287	3136601	66856794	4649836							9279377	0.0	15039853	0	1	-32300000	32300000
2801050.0	1880	MISSISSIPPI	280	OKTIBBEHA	1050	15978	7563143	0	0.4869862198829651	0	0	0	0	0	53344475	0	0.0	39767704	16346402	38757088	32199543	12638063	14087741	11087742	27080503	7104965	5245716							9678968	0.0	11786262	0	1	-34800000	34800000
2801050.0	1900	MISSISSIPPI	280	OKTIBBEHA	1050	20183	7563143	0	0.5118491649627686	0	0	0	0	0	60689144	0	0.0	4105765	2003639	39754324	34226959	18184203	17810582	11693654	40775375	8059277	4253613							9912596	0.0	8974384	0	1	-60300000	60300000
2801070.0	1870	MISSISSIPPI	280	PANOLA	1070	19454705078125	73332176	0	0.4465111196041107	0	0	0	0	0	109663925	0	0.0	46974206	18345569	463862	35521615	139194	16074797	11483324	35989115	75545835	42181168							9875844	0.0	20720848	0	1	-31600000	31600000
2801070.0	1880	MISSISSIPPI	280	PANOLA	1070	28352	73332176	0	0.5764302611351013	0	0	0	0	0	63117027	0	0.0	41449904	10803527	40971956	31268415	1543303	1655517	11907969	34339871	77336836	51189294							10252453	0.0	11492317	0	1	-30700000	30700000
2801070.0	1890	MISSISSIPPI	280	PANOLA	1070	26977	73332176	0	0.5265825390815735	0	0	0	0	0	5879746	0	0.0	40740986	0.56971616	4043572	33830807	17041851	20198703	1222261	28903718	8027802	5055932							1020274	0.0	75662823	0	1	-53500000	53500000
2801070.0	1900	MISSISSIPPI	280	PANOLA	1070	29027	73332176	0	0.4466111958026886	0	0	0	0	0	6590071	0	0.0	41881495	14038556	41243863	3493642	18938937	1863855	12139836	44426513	8464636	4320911							10275982	0.0	95881815	0	1	-44500000	44500000
2801090.0	1870	MISSISSIPPI	280	PEARL	RIVER	1329552001953120	0	7608249	4270695400238030	0	0	0	0	0	0.0	0	0.0	0.0	4449644	38320448	36747713	31900737	0.4680079	0.6912439	8470911	11473397	48515124	37543619							77796674		0	0	51700000	2760
2801090.0	1880	MISSISSIPPI	280	PEARL	RIVER	1329552001953120	0	7608249	18966129302978500	0	0	0	0	0	0.0	0	0.0	0.0	35011458	221839	3176423	31497388	0.41742495	0.37558404	8605628	12527002	5747742	52452397							8230044		0	0	49900000	2070
2801110.0	1870	MISSISSIPPI	280	PERRY	1110	2694	76533165	0	0.41434788703918457	0	0	0	0	0	56809578	0	0.0	4039705	1758165	39319785	39971104	0.87877303	10569237	8955707	26390574	60088134	31949556							78987823	0.0	17726393	0	1	-47100000	47100000
2801110.0	1880	MISSISSIPPI	280	PERRY	1110	3427	76533165	0	0.576231062412262	0	0	0	0	0	2416691	0	0.0	31849844	0.48030928	31157498	38405092	0.9406773	10789672	9218408	1609438	60185933	55378847							8139441	0.0	7665906	0	1	-35700000	35700000
2801110.0	1890	MISSISSIPPI	280	PERRY	1110	6494	76533165	0	0.2728305757045746	0	0	0	0	0	11304774	0	0.0	47278104	4363438	35415707	34876869	17939643	0.98949194	9768126	1609438	6605298	5662065							8778634	0.0	12833754	0	1	-25000000	25000000
2801110.0	1900	MISSISSIPPI	280	PERRY	1110	14682	76533165	0	0.47066769003868103	1	0	125	1	0	10938939	2,5124303477	0.008513827	4694914	4391601	33540967	32192	15917091	0.5271204	10121498	3912023	70457764	5057416	67661915	4828314	6133398	-28281858	-47660637	-34609795	95943775	0.13622123	16894299	0	1	37900000	 
2801130.0	1870	MISSISSIPPI	280	PIKE	1130	109726748046875	74316087	0	0.4629797339439392	0	0	0	0	0	60078476	0	0.0	40956516	22159324	39300303	3038967	0.6392569	10487909	10351954	373154	5976693	483099							9303164	0.0	17836367	0	1	-26600000	26600000
2801130.0	1880	MISSISSIPPI	280	PIKE	1130	16688	74316087	0	0.4464365839958191	0	0	0	0	0	3963315	0	0.0	36796658	20095274	34711387	28922608	12932945	11706393	10893085	29957323	7293698	5408462							97224455	0.0	9979165	0	1	-42800000	42800000
2801130.0	1890	MISSISSIPPI	280	PIKE	1130	21203	74316087	0	0.43502652645111084	0	0	0	0	0	88847664	0	0.0	4486923	38114219	3775813	31106236	0.9731714	13593221	1132122	41108737	7596392	53316565							9961898	0.0	11206469	0	1	-52800000	52800000
2801130.0	1900	MISSISSIPPI	280	PIKE	1130	27545	74316087	0	0.49977463483810425	0	0	0	0	0	97436485	0	0.0	45792007	40324073	37145464	29269333	15533276	12544471	11478024	4356709	78438487	47494793							10223577	0.0	11705975	0	1	-48800000	48800000
2801150.0	1870	MISSISSIPPI	280	PONTOTOC	1150	10577891967773400	74260864	0	0.44636082649230957	0	0	0	0	0	82977974	0	0.0	44185753	1811616	4341955	38416677	16449226	16522638	10918785	30884426	7454642	37800605							9266521	0.0	14727128	0	1	-41000000	41000000
2801150.0	1880	MISSISSIPPI	280	PONTOTOC	1150	13858	74260864	0	0.5164138078689575	0	0	0	0	0	51794918	0	0.0	3947292	10571376	38901207	32326982	15719568	16595124	11196131	25649493	76187425	4975919							9536618	0.0	9305527	0	1	-42000000	42000000
2801150.0	1890	MISSISSIPPI	280	PONTOTOC	1150	14940	74260864	0	0.513130247592926	0	0	0	0	0	3265395	0	0.0	34859657	-0.17034538	34597988	3359929	14058477	16500221	1126182	21972246	76861625	49797435							9611797	0.0	6109083	0	1	-45900000	45900000
2801150.0	1900	MISSISSIPPI	280	PONTOTOC	1150	18274	74260864	0	0.506650984287262	0	0	0	0	0	6348134	0	0.0	4150746	12314137	40952654	34469724	17255535	1541082	11354317	40073333	8122074	43628716							9813234	0.0	12860792	0	1	-65100000	65100000
2801170.0	1870	MISSISSIPPI	280	PRENTISS	1170	9460413986206050	75382795	0	0.47413927875459194	0	0	0	0	0	7274403	0	0.0	4286947	15139735	4222434	35219479	16651231	14627076	10617579	2734822	67257123	4311361							9154871	0.0	15795522	0	1	-39000000	39000000
2801170.0	1880	MISSISSIPPI	280	PRENTISS	1170	12158	75382795	0	0.5230056643486023	0	0	0	0	0	5853109	0	0.0	4069558	17215939	39691148	31983273	1355092	15919809	10997724	31780539	75109777	50225644							9405743	0.0	1077398	0	1	-51400000	51400000
2801170.0	1890	MISSISSIPPI	280	PRENTISS	1170	13679	75382795	0	0.40073972940444946	0	0	0	0	0	48584545	0	0.0	38833055	25872543	3563637	33441894	1321244	16286254	11152243	3583519	7425954	5242549							9523617	0.0	6924125	0	1	-48100000	48100000
2801170.0	1900	MISSISSIPPI	280	PRENTISS	1170	15788	75382795	0	0.4979460835456848	0	0	0	0	0	659936	0	0.0	41895576	24259098	4001518	34083502	18900326	15506896	11217695	3912023	78597994	44944544							9667006	0.0	1159795	0	1	-60500000	60500000
2801190.0	1870	MISSISSIPPI	280	QUITMAN	1190	4360070785522460	71015267	0	0.4753354862332344	0	0	0	0	0	10662026	0	0.0	46692734	14283892	46293583	35652602	17602893	13864063	976665	17521335	54142504	4466338							8380243	0.0	25609203	0	1	-46700000	46700000
2801190.0	1880	MISSISSIPPI	280	QUITMAN	1190	1407	71015267	0	0.4111170470714569	0	0	0	0	0	8023099	0	0.0	43849096		43849096	35547793	19715705	14014595	8650675		41271343	60873795							7249215	0.0	19755863	0	1	-48500000	48500000
2801190.0	1890	MISSISSIPPI	280	QUITMAN	1190	3286	71015267	0	0.6670631170272827	0	0	0	0	0	7561169	0	0.0	43256106	10295324	428788	35290065	175582	15720463	9669473	10986123	5948035	47590446							8097426	0.0	15117205	0	1	-46200000	46200000
2801190.0	1900	MISSISSIPPI	280	QUITMAN	1190	5435	71015267	0	0.5404972434043884	0	0	0	0	0	10442208	0	0.0	46484413	17282712	4593008	355889	2341027	1458294	10058908	25649493	69382844	38200545							8600615	0.0	22982065	0	1	-40300000	40300000
2801210.0	1870	MISSISSIPPI	280	RANKIN	1210	12977	75911965	0	0.5115640163421631	0	0	0	0	0	83383446	0	0.0	442345	0.63107663	440065	35762146	14098642	12822131	10753147	23978953	65467854	4702142							9470934	0.0	22611006	0	1	-34500000	34500000
2801210.0	1880	MISSISSIPPI	280	RANKIN	1210	16752	75911965	0	0.5063523054122925	0	0	0	0	0	57383537	0	0.0	40497575	0.9807621	40021753	3052157	0.994679	14230393	11149312	3295837	7454141	5353803							9726273	0.0	13185741	0	1	-41900000	41900000
2801210.0	1890	MISSISSIPPI	280	RANKIN	1210	17922	75911965	0	0.5575046539306641	0	0	0	0	0	59413292	0	0.0	4084518	20862465	39388337	33502622	16513976	18433038	11637088	29957323	77146773	5231618							9793784	0.0	8129747	0	1	-59200000	59200000
2801210.0	1900	MISSISSIPPI	280	RANKIN	1210	20955	75911965	0	0.5465645790100098	0	0	0	0	0	57773754	0	0.0	4056535	15986618	39670289	34648945	18626012	1827892	11778025	37841897	8130942	4645997							9950132	0.0	8492106	0	1	-49400000	49400000
2801230.0	1870	MISSISSIPPI	280	SCOTT	1230	7847	73625116	0	0.6077733039855957	0	0	0	0	0	774408	0	0.0	4349514	22513387	42186303	35850964	0.17759523	15934577	10561344	31780539	69641356	4029428							8967887	0.0	13806956	0	1	-43500000	43500000
2801230.0	1880	MISSISSIPPI	280	SCOTT	1230	10845	73625116	0	0.534811794757843	0	0	0	0	0	5531692	0	0.0	40130787	0.058381986	39937284	31121395	15930386	1297924	10589383	19459101	7194437	51851645							9291459	0.0	148174305	0	1	-40500000	40500000
2801230.0	1890	MISSISSIPPI	280	SCOTT	1230	11740	73625116	0	0.5032930374145508	0	0	0	0	0	46942333	0	0.0	0.0	38489199	0.7769699	38014815	32239397	12117788	15475625	1091832	1609438	7325149	5196914							9370757		0	0	49500000	160
2801230.0	1900	MISSISSIPPI	280	SCOTT	1230	14316	73625116	0	0.5075161457061768	0	0	0	0	0	5405609	0	0.0	39900222	17935159	38721495	32699704	16156355	16004989	11169632	33322046	76415644	4765592							9569133	0.0	9695389	0	1	-63700000	63700000
2801250.0	1870	MISSISSIPPI	280	SHARKEY	1250	434902587890625	72181506	0	0.40963153541088104	0	0	0	0	0	18111668	0	0.0	51991415	11554976	51814528	36824658	3230319	16182922	9995999	16733111	40101314	62173405							83777075	0.0	35274498	0	1	-36400000	36400000
2801250.0	1880	MISSISSIPPI	280	SHARKEY	1250	6306	72181506	0	0.5264963507652283	0	0	0	0	0	12566381	0	0.0	483361		483361	34533348	19912617	13704705	10119727		49767337	5985533							8749257	0.0	31917028	0	1	-42200000	42200000
2801250.0	1890	MISSISSIPPI	280	SHARKEY	1250	8382	72181506	0	0.7012816071510315	0	0	0	0	0	11604271	0	0.0	4753958	0.52362806	4739304	31557965	22006917	16804426	10714285	13862944	68416157	44096856							9033842	0.0	21303286	0	1	-54100000	54100000
2801250.0	1900	MISSISSIPPI	280	SHARKEY	1250	12178	72181506	0	0.506025493144989	0	0	0	0	0	12086558	0	0.0	4794679	22454836	4713312	35321739	23327544	16131263	11020513	37841897	76221747	38278217							9407387	0.0	22202078	0	1	-70000000	70000000
2801270.0	1870	MISSISSIPPI	280	SIMPSON	1270	5718	74171	0	0.48233744502067566	0	0	0	0	0	689227	0	0.0	42329855	15974745	4158604	35223815	0.39137542	1431681	100830555	26390574	6070738	4531096							8651375	0.0	15285786	0	1	-51200000	51200000
2801270.0	1880	MISSISSIPPI	280	SIMPSON	1270	8008	74171	0	0.370657742023468	0	0	0	0	0	46041084	0	0.0	3829534	0.9052409	37743356	27945197	0.47500172	13688796	10357076	13862944	6733402	54840236							8988196	0.0	11083485	0	1	-50100000	50100000
2801270.0	1890	MISSISSIPPI	280	SIMPSON	1270	10138	74171	0	0.3008694052696228	0	0	0	0	0	6829523	0	0.0	42238398	0.9742357	4184278	33857903	13899373	17709788	10995025	26390574	7158514	55343843							9224046	0.0	111707535	0	1	-51800000	51800000
2801270.0	1900	MISSISSIPPI	280	SIMPSON	1270	12800	74171	0	0.48802366852760315	0	0	0	0	0	64034065	0	0.0	41594152	22486072	39992924	33621993	16006495	175841	112156105	3295837	7678326	47109094							94572	0.0	9401624	0	1	-73300000	73300000
2801290.0	1870	MISSISSIPPI	280	SMITH	1290	7126	7472163	0	0.48975157737731934	0	0	0	0	0	59413414	0	0.0	408452	11250626	40312805	3560854	0.7347884	14780133	10349519	20794415	63207684	4477572							8871506	0.0	12849017	0	1	-40200000	40200000
2801290.0	1880	MISSISSIPPI	280	SMITH	1290	8088	7472163	0	0.3706604242324829	0	0	0	0	0	45443375	0	0.0	3816467	11443677	3744856	31497293	1260154	13801864	10378324	28332133	6934397	5474498							89981365	0.0	10640522	0	1	-34100000	34100000
2801290.0	1890	MISSISSIPPI	280	SMITH	1290	10635	7472163	0	0.38436663150787354	0	0	0	0	0	57334557	0	0.0	40489035	-0.110440545	40331626	3446062	15840117	1661237	10933143	19459101	74091363	5342847							9271906	0.0	1071801	0	1	-44700000	44700000
2801290.0	1900	MISSISSIPPI	280	SMITH	1290	13055	7472163	0	0.4803656339645386	0	0	0	0	0	63764534	0	0.0	4155197	18212203	40532646	3473559	17271614	17563115	11233238	38286414	7783224	47730336							9476927	0.0	9943837	0	1	-45800000	45800000
2801330.0	1870	MISSISSIPPI	280	SUNFLOWER	1330	5214576232910150	72068677	0	0.4577048048377037	0	0	0	0	0	1919134	0	0.0	52570443	10184747	5242511	40746784	29826927	16811976	10240411	15752952	61183543	4723862							8559213	0.0	35209408	0	1	-31800000	31800000
2801330.0	1880	MISSISSIPPI	280	SUNFLOWER	1330	4661	72068677	0	0.5098032355308533	0	0	0	0	0	67210686	0	0.0	42078323		42078323	31445386	17410042	10996845	954667		54380794	56523213							8446985	0.0	22379555	0	1	-37600000	37600000
2801330.0	1890	MISSISSIPPI	280	SUNFLOWER	1330	9384	72068677	0	0.6512805819511414	0	0	0	0	0		0	0.0			44937053	34854283	18526682	13329743	10479735	0.6931472	69716687	4418428							9146761	0.0	23587828	0	1	-42800000	42800000
2801330.0	1900	MISSISSIPPI	280	SUNFLOWER	1330	16084	72068677	0	0.5319867730140686	0	0	0	0	0	10542352	0	0.0	46579857	36473715	42054367	3533752	19099386	15221236	11207704	37841897	79028573	38667355							968558	0.0	14633494	0	1	-61400000	61400000
2801350.0	1870	MISSISSIPPI	280	TALLAHATCHIE	1350	672545751953125	71801133	0	0.551228940486908	0	0	0	0	0	115345634	0	0.0	4747933	21061294	4674036	37566643	21201055	15878099	10401465	29361742	5954379	4786973							8813655	0.0	21894299	0	1	-37800000	37800000
2801350.0	1880	MISSISSIPPI	280	TALLAHATCHIE	1350	10926	71801133	0	0.6453555822372437	0	0	0	0	0	6648252	0	0.0	4196939	0.858221	4160812	29737134	152479	13583823	10657283	27080503	69157233	50583887							9298901	0.0	16484648	0	1	-45100000	45100000
2801350.0	1890	MISSISSIPPI	280	TALLAHATCHIE	1350	14361	71801133	0	0.5848634839057922	0	0	0	0	0	6730798	0	0.0	4209279	-0.61039245	42011766	33356602	15394299	15998384	1117211	13862944	7076654	5231549							9572271	0.0	1348177	0	1	-51600000	51600000
2801350.0	1900	MISSISSIPPI	280	TALLAHATCHIE	1350	19600	71801133	0	0.48012685775756836	0	0	0	0	0	8607286	0	0.0	4455194	22372844	4339967	34616635	17914193	15847583	11468043	38918202	8098339	4061999							9883285	0.0	1572432	0	1	-59300000	59300000
2801370.0	1870	MISSISSIPPI	280	TATE	1370	14666844985961900	7387275	0	0.5923492535948753	0	0	0	0	0	10221459	0	0.0	46270742	17844093	45670376	37438717	19844239	17895085	113828535	35597286	7445713	42422876							9593345	0.0	16079243	0	1	-47700000	47700000
2801370.0	1880	MISSISSIPPI	280	TATE	1370	18721	7387275	0	0.5662466287612915	0	0	0	0	0	7268346	0	0.0	42861137	13381337	4232243	3197005	16046833	18985078	11735909	2944439	7760467	4757919							9837401	0.0	10316402	0	1	-30900000	30900000
2801370.0	1890	MISSISSIPPI	280	TATE	1370	19253	7387275	0	0.5372362732887268	0	0	0	0	0	54563187	0	0.0	39993594	0.2936761	39744687	34596372	16165285	2032337	11897759	23978953	8018954	46001744							9865422	0.0	6973601	0	1	-44700000	44700000
2801370.0	1900	MISSISSIPPI	280	TATE	1370	20618	7387275	0	0.41931572556495667	0	0	0	0	0	8008924	0	0.0	43831415	24842758	42209306	34740615	18916974	17655184	11699438	42341065	8217169	4167272							993392	0.0	11651232	0	1	-48600000	48600000
2801390.0	1870	MISSISSIPPI	280	TIPPAH	1390	102188857421875	7450023	0	0.5603809952735901	0	0	0	0	0	9368529	0	0.0	45399413	23423538	44222035	37197778	18372273	16135017	10845494	3512308	7132326	4121078							9231993	0.0	1658837	0	1	-39300000	39300000
2801390.0	1880	MISSISSIPPI	280	TIPPAH	1390	12867	7450023	0	0.38060107827186584	0	0	0	0	0	60501595	0	0.0	41026697	17071122	40071254	3101567	14248849	14543386	109167595	3465736	72889276	53066907							9462421	0.0	12842845	0	1	-34900000	34900000
2801390.0	1890	MISSISSIPPI	280	TIPPAH	1390	12951	7450023	0	0.41498199105262756	0	0	0	0	0	41144547	0	0.0	37170913	17682832	3563423	3400425	15986471	19279577	11396886	30910425	7492203	52969575							9468928	0.0	5131845	0	1	-47500000	47500000
2801390.0	1900	MISSISSIPPI	280	TIPPAH	1390	12983	7450023	0	0.5287212133407593	0	0	0	0	0	63465916	0	0.0	4150503	19447652	4033779	3407996	1720773	17209935	111923895	38066626	77354336	47047763							9471396	0.0	10102527	0	1	-62200000	62200000
2801410.0	1870	MISSISSIPPI	280	TISHOMINGO	1410	7372789962768550	74878616	0	0.4062063207384199	0	0	0	0	0	90326584	0	0.0	4503432	29454281	42670054	36167433	11716014	13403254	10245876	30927033	696224	35370088							8905552	0.0	1866556	0	1	-31000000	31000000
2801410.0	1880	MISSISSIPPI	280	TISHOMINGO	1410	8774	74878616	0	0.3758128583431244	0	0	0	0	0	37365967	0	0.0	36207602	22717288	33203423	2941321	10117874	14767593	10556308	29957323	6982863	54933324							9079548	0.0	6319139	0	1	-38100000	38100000
2801410.0	1890	MISSISSIPPI	280	TISHOMINGO	1410	9302	74878616	0	0.3757692873477936	0	0	0	0	0	365559	0	0.0	35988426	24071465	32368598	30012	0.8470828	14351766	10573161	31354942	70825486	53556175							9137984	0.0	60598383	0	1	-45300000	45300000
2801410.0	1900	MISSISSIPPI	280	TISHOMINGO	1410	10124	74878616	0	0.504498302936554	0	0	0	0	0	4914411	0	0.0	3894757	18507016	37560668	3220021	14196607	15162077	10738872	34339871	7393263	48467107							9222664	0.0	9392007	0	1	-50200000	50200000
2801430.0	1870	MISSISSIPPI	280	TUNICA	1430	354198974609375	7024522	0	0.4390869140625	0	0	0	0	0	9287383	0	0.0	4531242		4531242	33868673	16267562	0.9704876	9142932		39928172	4198851							8172444	0.0	3518973	0	1	-28800000	28800000
2801430.0	1880	MISSISSIPPI	280	TUNICA	1430	8461	7024522	0	0.7539615035057068	0	0	0	0	0	1241176	0	0.0	48212295	-10881484	4818512	35361156	22840598	15362151	10579437	0.0	6410175	52432513							9043222	0.0	26636885	0	1	-40900000	40900000
2801430.0	1890	MISSISSIPPI	280	TUNICA	1430	12158	7024522	0	0.6942963004112244	0	0	0	0	0		0	0.0			44376163	36095698	19534488	15760864	10981829	0.6931472	7185387	4542194							9405743	0.0	17488264	0	1	-68500000	68500000
2801430.0	1900	MISSISSIPPI	280	TUNICA	1430	16479	7024522	0	0.5703502297401428	0	0	0	0	0	12752843	0	0.0	4848339	27412217	47187	34526453	2002426	17352113	11445053	37841897	79731555	3942234							9709842	0.0	19756618	0	1	-79400000	79400000
2801450.0	1870	MISSISSIPPI	280	UNION	1450	9153684692382810	7582372	0	0.5069927722215652	0	0	0	0	0	8785107	0	0.0	4475643	20378985	43842316	3783218	173541	16262914	10748203	31223822	71778975	39536405							9121912	0.0	15767334	0	1	-31400000	31400000
2801450.0	1880	MISSISSIPPI	280	UNION	1450	13030	7582372	0	0.5554391741752625	0	0	0	0	0	5484459	0	0.0	40045037	14712427	39217741	3261553	16380202	14757793	10950789	28903718	76009026	49093313							947501	0.0	11542027	0	1	-37300000	37300000
2801450.0	1890	MISSISSIPPI	280	UNION	1450	15606	7582372	0	0.5150248408317566	0	0	0	0	0	38653725	0	0.0	3654643	11759008	35670695	33779027	14589757	16591003	11314511	30445225	7761745	4905579							9655411	0.0	67393875	0	1	-49300000	49300000
2801450.0	1900	MISSISSIPPI	280	UNION	1450	16522	7582372	0	0.4832976162433624	0	0	0	0	0	6526147	0	0.0	4178402	20766232	40480213	34992476	1976655	16098131	11322261	38066626	79707403	4379887							9712448	0.0	11452499	0	1	-56100000	56100000
2801490.0	1870	MISSISSIPPI	280	WARREN	1490	24649595703125	7722619	0	0.6431700587272644	0	0	0	0	0	16527281	0	0.0	51075974	38333752	47795815	32795882	14575832	16960264	11808542	5274102	78005853	41590037							10112515	0.0	21835897	0	1	-72700000	72700000
2801490.0	1880	MISSISSIPPI	280	WARREN	1490	31238	7722619	0	0.7285608649253845	0	0	0	0	0	5378574	0	0.0	39850085	29524136	35448248	22760994	0.93561745	0.6532258	11002616	40775375	68844867	5308526							10349391	0.0	18022106	0	1	-52300000	52300000
2801510.0	1870	MISSISSIPPI	280	WASHINGTON	1510	112929482421875	7510219	0	0.4820089638233185	0	0	0	0	0	263027	0	0.0	55722566	-0.039838653	55685964	4004292	36605122	15712979	10903232	0.4384297	5286546	57188773							9331934	0.0	54450863	0	1	-39300000	39300000
2801510.0	1880	MISSISSIPPI	280	WASHINGTON	1510	25367	7510219	0	0.6157534718513489	0	0	0	0	0	10674877	0	0.0	46704783	2005983	45983005	29636505	18737743	13297839	11470988	21972246	61180973	59950047							10141205	0.0	26272335	0	1	-56800000	56800000
2801530.0	1870	MISSISSIPPI	280	WAYNE	1530	422262682723999	73818927	0	0.5820042928680778	0	0	0	0	0	30894894	0	0.0	34305909	0.9779966	33405898	35701582	0.50705236	10684432	9416656	0.7128899	56577873	41769423							8348212	0.0	97002	0	1	-32900000	32900000
2801530.0	1880	MISSISSIPPI	280	WAYNE	1530	877427802658081	73818927	0	0.5989640197949484	0	0	0	0	0	5530601	0	0.0	40128818	3160737	34568856	30003023	0.8232121	0.87643677	9956017	31798983	64935856	494639							9079579	0.0	13203062	0	1	-45800000	45800000
2801530.0	1890	MISSISSIPPI	280	WAYNE	1530	9817	73818927	0	0.5530903339385986	0	0	0	0	0	57625854	0	0.0	40539713	31262484	35506952	3266127	0.9831694	11651098	1035698	3637586	7089243	4988661							9191871	0.0	10865421	0	1	-49300000	49300000
2801530.0	1900	MISSISSIPPI	280	WAYNE	1530	12539	73818927	0	0.527110755443573	0	0	0	0	0	7566353	0	0.0	43262963	36534147	36124644	3247808	13857758	11666636	10603263	40073333	74899707	4767474							9436599	0.0	11539785	0	1	-54600000	54600000
2801550.0	1870	MISSISSIPPI	280	WEBSTER	1550	8430592529296870	7347646	0	0.5038514174520969	0	0	0	0	0	7221399	0	0.0	4279634	0.91873837	42443132	35602732	0.92826855	14915165	10531138	21900342	66722965	4231315							9039622	0.0	15686438	0	1	-44200000	44200000
2801550.0	1880	MISSISSIPPI	280	WEBSTER	1550	9534	7347646	0	0.4339955449104309	0	0	0	0	0	55274387	0	0.0	40123096	0.19829357	39900033	3432484	17890812	14513884	10614008	21972246	7251345	5185514							916262	0.0	12662122	0	1	-51000000	51000000
2801550.0	1890	MISSISSIPPI	280	WEBSTER	1550	12060	7347646	0	0.41088104248046875	0	0	0	0	0	41473217	0	0.0	37250478	16140211	35959482	3380278	14199264	1694809	11092459	32580965	7344719	5262926							939765	0.0	66935163	0	1	-47600000	47600000
2801550.0	1900	MISSISSIPPI	280	WEBSTER	1550	13619	7347646	0	0.48821064829826355	0	0	0	0	0	6629239	0	0.0	4194075	23812227	4015919	34725368	16820028	1776928	11296149	40430512	77240047	466703							9519221	0.0	9383861	0	1	-65800000	65800000
2801570.0	1870	MISSISSIPPI	280	WILKINSON	1570	12705	7180678	0	0.8034310936927795	0	0	0	0	0	95871155	0	0.0	4563005	0.8008662	4539497	36377063	0.9413346	15858482	11035599	19459101	7021084	42650285							9449751	0.0	19175795	0	1	-34000000	34000000
2801570.0	1880	MISSISSIPPI	280	WILKINSON	1570	17815	7180678	0	0.6456104516983032	0	0	0	0	0	5009273	0	0.0	39138758	-0.6662869	39035697	28981192	16686754	12481414	11035937	20794415	6976348	54989824							9787796	0.0	1423108	0	1	-46000000	46000000
2801570.0	1890	MISSISSIPPI	280	WILKINSON	1570	17592	7180678	0	0.696816623210907	0	0	0	0	0	8258782	0	0.0	4413862	-0.25480422	44044333	34846973	16160102	1894892	11670092	21972246	7650169	4844607							97752	0.0	12299285	0	1	-50000000	50000000
2801570.0	1900	MISSISSIPPI	280	WILKINSON	1570	21453	7180678	0	0.641532838344574	0	0	0	0	0	58690067	0	0.0	40722704	10647316	40215945	32947383	18380389	16277469	11601367	36888795	78961806	4588633							9973619	0.0	10955568	0	1	-53200000	53200000
2801590.0	1870	MISSISSIPPI	280	WINSTON	1590	7623995776176450	74778404	0	0.5224731682683341	0	0	0	0	0	546294	0	0.0	4000572	0.87112314	39558449	33925807	13886462	14899073	10428964	-0.15952028	6530082	42734556							8939055	0.0	11774516	0	1	-42600000	42600000
2801590.0	1880	MISSISSIPPI	280	WINSTON	1590	10087	74778404	0	0.41026386618614197	0	0	0	0	0	57987213	0	0.0	40602226	10218139	40111256	31785164	13341763	14974352	10716438	23025851	7113956	54783955							9219003	0.0	12350425	0	1	-54500000	54500000
2801590.0	1890	MISSISSIPPI	280	WINSTON	1590	12089	74778404	0	0.4337339699268341	0	0	0	0	0	4649119	0	0.0	3839263	0.9526631	3781882	33409345	10260917	16600344	11060085	29957323	74000096	5263534							9400051	0.0	8346544	0	1	-53000000	53000000
2801590.0	1900	MISSISSIPPI	280	WINSTON	1590	14124	74778404	0	0.515551745891571	0	0	0	0	0	6724915	0	0.0	42084045	10426526	41653066	34050322	193054	19403418	11495973	34011974	7860185	47799287							9555631	0.0	9253156	0	1	-65600000	65600000
2801610.0	1870	MISSISSIPPI	280	YALOBUSHA	1610	13895566345214800	74192967	0	0.36896764300763607	0	0	0	0	0	951693	0	0.0	45556574	3560623	4094081	32565804	1653506	13843577	10923683	39562795	6338675	3121716							9539325	0.0	15025117	0	1	-43500000	43500000
2801610.0	1880	MISSISSIPPI	280	YALOBUSHA	1610	15649	74192967	0	0.581394612789154	0	0	0	0	0	5313036	0	0.0	39727485	11900674	39088793	3010288	15701165	15241736	11182336	27080503	74115562	5087072							9658162	0.0	10855866	0	1	-42600000	42600000
2801610.0	1890	MISSISSIPPI	280	YALOBUSHA	1610	16629	74192967	0	0.5354558825492859	0	0	0	0	0	7049961	0	0.0	4255607	32648368	3791521	3227009	1508471	17406318	11459536	23025851	73639135	52973757							9718904	0.0	77748127	0	1	-57400000	57400000
2801610.0	1900	MISSISSIPPI	280	YALOBUSHA	1610	19742	74192967	0	0.5109601616859436	0	0	0	0	0	7699574	0	0.0	434375	30293665	4030901	32736156	18474835	15876337	11478137	40430512	79168077	457629							9890504	0.0	11510587	0	1	-54000000	54000000
2801630.0	1870	MISSISSIPPI	280	YAZOO	1630	175037901763916	73532615	0	0.7850881405174732	0	0	0	0	0	13302576	0	0.0	4890543	0.86786807	48724756	3845565	2082798	185888	11629053	28920846	7359426	45560985							9770173	0.0	20360472	0	1	-56700000	56700000
2801630.0	1880	MISSISSIPPI	280	YAZOO	1630	33845	73532615	0	0.5963335633277893	0	0	0	0	0	8193839	0	0.0	44059677	12841705	4360889	31336362	19880747	15295252	11959072	32580965	7404279	56185665							10429546	0.0	16968584	0	1	-59800000	59800000
2801630.0	1890	MISSISSIPPI	280	YAZOO	1630	36394	73532615	0	0.6529975533485413	1	0	50	1	0	8209595	0,4054239613	0.0013738528	4407889	2029072	43106503	33206446	184054	17594616	122616205	34965076	823244	4957339	51416636	3912023	48598123	-53604956	-6590136	-5642347	10502159	0.027477056	12822338	0	1	70000000	48800000
2801630.0	1900	MISSISSIPPI	280	YAZOO	1630	43948	73532615	0	0.5705364346504211	1	0	100	0	0	9911807	0,3357377784	0.0011377082	45963116	29773138	4375544	34052863	20655105	16896752	12380438	48441873	8815964	4259165	6156979	3912023	50875964	-45337834	-67787395	-5603166	106907625	0.022754164	14670942	0	1	70700000	84400000
